{
  "hash": "7e093953",
  "configHash": "e87c7031",
  "lockfileHash": "9dd1903e",
  "browserHash": "c1486e56",
  "optimized": {
    "@angular/common": {
      "src": "../../../../../node_modules/@angular/common/fesm2022/common.mjs",
      "file": "@angular_common.js",
      "fileHash": "2be6f68c",
      "needsInterop": false
    },
    "@angular/common/http": {
      "src": "../../../../../node_modules/@angular/common/fesm2022/http.mjs",
      "file": "@angular_common_http.js",
      "fileHash": "ee6365d8",
      "needsInterop": false
    },
    "@angular/core": {
      "src": "../../../../../node_modules/@angular/core/fesm2022/core.mjs",
      "file": "@angular_core.js",
      "fileHash": "0f265386",
      "needsInterop": false
    },
    "@angular/platform-browser": {
      "src": "../../../../../node_modules/@angular/platform-browser/fesm2022/platform-browser.mjs",
      "file": "@angular_platform-browser.js",
      "fileHash": "4645e65c",
      "needsInterop": false
    },
    "@angular/router": {
      "src": "../../../../../node_modules/@angular/router/fesm2022/router.mjs",
      "file": "@angular_router.js",
      "fileHash": "226c2922",
      "needsInterop": false
    }
  },
  "chunks": {
    "chunk-NQGLZ2YA": {
      "file": "chunk-NQGLZ2YA.js"
    },
    "chunk-IQFSP22K": {
      "file": "chunk-IQFSP22K.js"
    },
    "chunk-QHALDMLH": {
      "file": "chunk-QHALDMLH.js"
    },
    "chunk-GSEU53OH": {
      "file": "chunk-GSEU53OH.js"
    }
  }
}